CREATE TABLE students (
sid INT,
sname VARCHAR(50),
sex VARCHAR(20),
age INT,
year INT,
gpa REAL,
PRIMARY KEY (sid));

INSERT INTO students (sid, sname, sex, age, year, gpa)
VALUES (1, 'Jacobs, T.', 'm', 29	, 5	, 3.5999999046325684),
(2, 'Pierson, E.',	'm',	32,	5,	3.5),
(3, 'Zeene, Ben N.', 	'm',	21,	5,	3.9000000953674316),
(4,	'Sulfate, Barry M.',	'm',	19,	2,	2.7999999523162842),
(5,	'Form, Clara O.',	'f',	18,	1,	3.2999999523162842),
(6,	'Scott, Kim J.',	'm',	20,	1,	3.7999999523162842),
(7,	'Sather, Roberto B.',	'm',	22,	4,	2.2000000476837158),
(8,	'Stanley, Leotha T.',	'm',	21,	3,	3.5999999046325684),
(9,	'Smith, Joyce A.',	'f',	21,	4,	2.0),
(10,	'Jones, David S.',	'm',	19,	2,	3.5),
(11,	'Paul, Mary W.',	'f',	23,	5,	3.5999999046325684),
(12,	'Soong, V.',	'f',	24,	5,	3.5),
(13,	'Kellerman, S.',	'f',	21,	3,	2.9000000953674316),
(14,	'Cheong, R.',	'm',	25,	4,	3.0),
(15,	'Borchart, Sandra L.',	'f',	26,	5,	3.9000000953674316),
(16,	'Alsberg, David J.',	'm',	25,	5,	3.5),
(17,	'Thorton, James Q.',	'm',	28,	4,	2.7000000476837158),
(18,	'Gooch',	'm',	26,	1,	1.3999999761581421),
(19,	'Smith, L.',	'm',	43,	4,	.69999998807907104),
(20,	'Korpel, E.',	'f',	19,	3,	3.5),
(21,	'Surk, K.',	'm',	23,	2,	2.5),
(22,	'Emile, R.',	'm',	18,	1,	2.0),
(23,	'Bomber, C.',	'f',	22,	4,	3.2000000476837158),
(24,	'Carter, Jimmy',	'm',	56,	5,	3.5),
(25,	'Kissinger, Henry',	'm',	58,	5,	3.4000000953674316),
(26,	'Ford, Gerald',	'm',	60,	5,	3.5),
(27,	'Anderson, P.',	'f',	18,	1,	3.2000000476837158),
(28,	'Austin, G.',	'm',	25,	5,	3.5),
(29, 'Hamilton, S.',	'm',	21,	3,	2.7999999523162842),
(30,	'Baker, C.',	'f',	18,	1,	3.5),
(31,	'Andrews, R.',	'm',	19,	2,	2.7999999523162842),
(32,	'Liu, Huihusan',	'm',	29,	5,	3.9000000953674316),
(33,	'Chao, Tsechih',	'f',	23,	5,	3.5999999046325684),
(34, 'Kasten, Norman L.',	'm',	23,	2,	2.5),
(35,	'Mathews, John W.',	'm',	29,	5,	3.5999999046325684),
(36,	'Burroughs, Susan S.',	'f',	18,	1,	3.0),
(37,	'Dunbar, D.',	'm',	30,	5,	3.4000000953674316),
(38,	'Auen, B.',	'm',	21,	3,	2.7000000476837158),
(39,	'Shoemaker, A.',	'f',	22,	4,	3.5),
(40,	'Rosemeyer, S.',	'f',	21,	3,	2.9000000953674316),
(41,	'Fisher, C.',	'f',	22,	4,	3.5),
(42,	'Trude, T.',	'm',	19,	2,	2.9000000953674316),
(43,	'Ksar, J.',	'm',	20,	3,	3.4000000953674316),
(44,	'Moeri, S.',	'f',	20,	4,	3.2000000476837158),
(45,	'June, Granson',	'f',	18,	1,	3.0999999046325684),
(46, 'Micheal, Zadicki T.',	'm',	22,	2,	2.7000000476837158),
(47,	'Roger, Blotter N.',	'm',	21,	3,	1.8999999761581421),
(48,	'Natividad, A.',	'f',	25,	5,	4.0),
(49,	'Villa-lobos, M.',	'm',	47,	5,	3.7000000476837158),
(50,	'Moomchi, B.',	'm',	32,	5,	3.5),
(51,	'Jetplane, Leaving O.',	'm',	30,	1,	0.0),
(52,	'Fy, Clara I.',	'f',	18,	2,	2.0),
(53,	'Atny, Mary H.',	'f',	26,	5,	3.7999999523162842),
(54,	'Maximillian',	'm',	98,	5,	3.0),
(55,	'Glitch, R.',	'm',	19,	1,	2.7999999523162842),
(56,	'Starry, J.',	'f',	22,	4,	3.2999999523162842),
(57,	'Hiemerschmitz, A.',	'f',	19,	1,	2.7000000476837158),
(58,	'Marshmallton',	'm',	20,	3,	3.0),
(59,	'Ziebart, F.',	'm',	22,	4,	1.7999999523162842),
(60,	'Calcmity, J.',	'f',	23,	3,	2.5999999046325684),
(61,	'Kennedy, Ed',	'm',	55,	3,	2.2999999523162842),
(62,	'Moses, A.',	'm',	18,	1,	3.2000000476837158),
(63,	'Kool, Joseph F.',	'm',	35,	5,	3.7000000476837158),
(64,	'Fred, Edwin B.',	'm',	80,	5,	4.0),
(65,	'Ripper, Jack T.',	'm',	18,	1,	.5),
(66,	'Altenhaus, Stuart',	'm',	21,	4,	2.7999999523162842),
(67,	'Altenhaus, Gloria',	'f',	22,	5,	4.0),
(68,	'Crist, J.',	'm',	23,	4,	3.0),
(69,	'Heilskov, G.',	'm',	23,	4,	2.5),
(70,	'Caucutt, B.',	'm',	24,	5,	3.0),
(71,	'Mark, B.',	'm',	24,	4,	3.5999999046325684),
(72,	'Barnes, J.',	'm',	45,	5,	2.2999999523162842),
(73,	'Quarnty, G.',	'f',	20,	2,	4.0),
(74,	'Andrus, J.',	'f',	21,	3,	3.7000000476837158),
(75,	'Jones, A.',	'f',	23,	5,	3.2000000476837158),
(76,	'Zorhoff, C.',	'm',	20,	3,	3.0),
(77,	'Paull, Thomas H.',	'm',	23,	4,	2.5999999046325684),
(78,	'Cool, J.',	'm',	18,	2,	2.5999999046325684),
(79,	'Evert, Chris',	'f',	21,	4,	3.9000000953674316),
(80,	'Connors, Jimmy',	'm',	25,	1,	.20000000298023224),
(81,	'Smith, Ike Z.',	'm',	33,	1,	1.1000000238418579),
(82,	'News, Nightly',	'm',	15,	1,	1.8999999761581421),
(83,	'Jones, Ivan L.',	'm',	55,	5, 3.5),
(84,	'Smith, R.',	'm',	19,	3,	2.7000000476837158),
(85,	'Mayer, N.'	,'f',	21,	5,	3.5),
(86,	'Gonring, J.',	'm',	21,	4,	3.7000000476837158),
(87,	'Mueller, D.',	'm', 20,	3,	3.2999999523162842),
(88,	'Bates, M.',	'm',	22,	4,	3.2999999523162842),
(89,	'Longlastname, A.',	'f',	99,	5,	4.0),
(90,	'Zappa, F.',	'm',	16,	4,	4.0),
(91,	'Ghandi, I.',	'f',	78,	1,	3.5),
(92,	'Kirk, J.',	'm',	34,	5,	2.2000000476837158),
(93,	'Andermanthenol, K.',	'm',	26,	5,	3.7000000476837158),
(94,	'Uoiea, Z.',	'f',	19,	2,	3.2999999523162842),
(95,	'Grzlbltz, Q.',	'm',	43,	5,	2.5),
(96,	'Birch, M.',	'f',	23,	5,	3.5),
(97,	'Morgan, D.',	'm',	18,	1,	3.5),
(98,	'Taylor, R.',	'm',	20,	3,	2.7999999523162842),
(99,	'Jones, J.',	'f',	21,	1,	1.1000000238418579),
(100,	'Gringo, C.',	'm',	25,	5,	2.9000000953674316),
(101,	'Davis, Scott P.',	'm',	19,	3,	3.7000000476837158),
(102,	'Bates, Michael L.',	'm',	22,	4,	3.4000000953674316),
(103,	'Kaisler, Janet M.',	'f',	21,	4,	3.5),
(104,	'Baskett, Wayse T.',	'm',	23,	3,	2.0999999046325684);

SELECT * FROM students;


CREATE TABLE dept (
dname VARCHAR(50),
numphds INT,
PRIMARY KEY (dname));


INSERT INTO dept (dname, numphds)
VALUES ('Computer Sciences',	47),
('Chemical Engineering',	32),
('Civil Engineering	',88),
('Industrial Engineering',	41),
('Mathematics',	129),
('Sanitary Engineering',	3);

SELECT * FROM dept;



CREATE TABLE prof (
pname VARCHAR(50),
dname varchar(50),
PRIMARY KEY (pname));


INSERT INTO prof (pname, dname)
VALUES ('Jones, J.',	'Computer Sciences'),
('Smith, S.',	'Industrial Engineering'),
('Brown, S.',	'Civil Engineering'),
('Brian, C.',	'Computer Sciences'),
('Edison, L.',	'Chemical Engineering'),
('Bucket, T.',	'Sanitary Engineering'),
('Robinson, T.',	'Mathematics'),
('Clark, E.',	'Civil Engineering'),
('Walter, A.',	'Industrial Engineering'),
('Randolph, B.',	'Civil Engineering');

SELECT * FROM prof;



CREATE TABLE course (
cno INT,
cname VARCHAR(50),
dname VARCHAR(50),
PRIMARY KEY (cno, dname));

INSERT INTO course (cno, cname, dname)
VALUES (302,	'Intro to Programming',	'Computer Sciences'),
(310,	'Thermodynamics',	'Chemical Engineering'),
(310,	'Intro to Garbage',	'Sanitary Engineering'),
(365,	'City Planning',	'Civil Engineering'),
(375,	'Highway Engineering',	'Civil Engineering'),
(461,	'College Geometry 1',	'Mathematics'),
(462,	'College Geometry 2',	'Mathematics'),
(467,	'Intro to Data Structures',	'Computer Sciences'),
(514,	'Manpower Utilization',	'Industrial Engineering'),
(561,	'Advanced City Planning',	'Civil Engineering'),
(561,	'Advanced Garbage Collection',	'Sanitary Engineering'),
(701,	'Compiler Construction',	'Computer Sciences'),
(726,	'Nonlinear Programming',	'Computer Sciences');

SELECT * FROM course;



CREATE TABLE major (
dname VARCHAR(50),
sid INT,
PRIMARY KEY (dname, sid));


INSERT INTO major (dname, sid)
VALUES ('Computer Sciences',	1),
('Computer Sciences',	2),
('Computer Sciences',	3),
('Computer Sciences',	4),
('Computer Sciences',	5),
('Computer Sciences',	6),
('Computer Sciences',	7),
('Computer Sciences',	8),
('Computer Sciences',	9),
('Computer Sciences',	10),
('Computer Sciences',	11),
('Computer Sciences',	12),
('Computer Sciences',	13),
('Computer Sciences',	14),
('Computer Sciences',	15),
('Computer Sciences',	16),
('Computer Sciences',	17),
('Computer Sciences',	18),
('Computer Sciences',	19),
('Computer Sciences',	20),
('Computer Sciences',	21),
('Computer Sciences',	22),
('Computer Sciences',	23),
('Computer Sciences',	24),
('Chemical Engineering',	25),
('Chemical Engineering',	26),
('Chemical Engineering',	27),
('Chemical Engineering',	28),
('Chemical Engineering',	29),
('Chemical Engineering',	30),
('Chemical Engineering',	31),
('Chemical Engineering',	32),
('Chemical Engineering',	33),
('Chemical Engineering',	34),
('Chemical Engineering',	35),
('Civil Engineering',	36),
('Civil Engineering',	37),
('Civil Engineering',	38),
('Civil Engineering',	39),
('Civil Engineering',	40),
('Civil Engineering',	41),
('Civil Engineering',	42),
('Civil Engineering',	43),
('Civil Engineering',	44),
('Civil Engineering',	45),
('Civil Engineering',	46),
('Civil Engineering',	47),
('Civil Engineering',	48),
('Civil Engineering',	49),
('Civil Engineering',	50),
('Civil Engineering',	51),
('Civil Engineering',	52),
('Civil Engineering',	53),
('Civil Engineering',	54),
('Civil Engineering',	55),
('Civil Engineering',	56),
('Civil Engineering',	57),
('Civil Engineering',	58),
('Civil Engineering',	59),
('Civil Engineering',	60),
('Civil Engineering',	61),
('Civil Engineering',	62),
('Civil Engineering',	63),
('Industrial Engineering',	64),
('Industrial Engineering',	65),
('Industrial Engineering',	66),
('Industrial Engineering',	67),
('Industrial Engineering',	68),
('Industrial Engineering',	69),
('Industrial Engineering',	70),
('Industrial Engineering',	71),
('Industrial Engineering',	72),
('Industrial Engineering',	73),
('Industrial Engineering',	74),
('Industrial Engineering',	75),
('Industrial Engineering',	76),
('Industrial Engineering',	77),
('Industrial Engineering',	78),
('Industrial Engineering',	79),
('Industrial Engineering',	80),
('Industrial Engineering',	81),
('Industrial Engineering',	82),
('Industrial Engineering',	83),
('Mathematics',	84),
('Mathematics',	85),
('Mathematics',	86),
('Mathematics',	87),
('Mathematics',	88),
('Mathematics',	89),
('Mathematics',	90),
('Mathematics',	91),
('Mathematics',	92),
('Mathematics',	93),
('Mathematics',	94),
('Mathematics',	95),
('Mathematics',	96),
('Mathematics',	97),
('Mathematics',	98),
('Mathematics',	99),
('Mathematics',	100),
('Mathematics',	101),
('Mathematics',	102),
('Mathematics',	103),
('Sanitary Engineering',	104),
('Mathematics',	1),
('Mathematics',	2);


SELECT * FROM major;


CREATE TABLE section(
dname VARCHAR(50),
cno INT,
sectno INT,
pname VARCHAR(50),
PRIMARY KEY (dname, cno, sectno));


INSERT INTO section (dname, cno, sectno, pname)
VALUES ('Chemical Engineering',	310,	1,	'Edison, L.'),
('Civil Engineering',	365,	1,	'Randolph, B.'),
('Civil Engineering',	375,	1,	'Brown, S.'),
('Civil Engineering',	561,	1,	'Randolph, B.'),
('Computer Sciences',	302,	1,	'Jones, J.'),
('Computer Sciences',	302,	2,	'Smith, S.'),
('Computer Sciences',	467,	1,	'Jones, J.'),
('Computer Sciences',	701,	1,	'Clark, E.'),
('Computer Sciences',	726,	1,	'Brian, C.'),
('Industrial Engineering',	514,	1,	'Walter, A.'),
('Mathematics',	461,	1,	'Robinson, T.'),
('Mathematics',	462,	1,	'Robinson, T.'),
('Sanitary Engineering',	561,	1,	'Bucket, T.');

SELECT * FROM section;


CREATE TABLE enroll(
sid INT,
grade INT,
dname VARCHAR(50),
cno INT,
sectno INT,
PRIMARY KEY (sid, dname, cno, sectno));

INSERT INTO enroll (sid, grade, dname, cno, sectno)
VALUES (1,	3.0,	'Chemical Engineering',	310,	1),
(2,	3.0,	'Computer Sciences',	302,	1),
(3,	3.5,	'Civil Engineering',	375,	1),
(4,	4.0,	'Mathematics',	461,	1),
(5,	3.0,	'Industrial Engineering',	514,	1),
(6,	3.5,	'Computer Sciences',	302,	2),
(7,	4.0,	'Computer Sciences',	302,	1),
(8,	4.0,	'Computer Sciences',	302,	1),
(9,	3.0,	'Civil Engineering',	375,	1),
(10,	2.0,	'Computer Sciences',	302,	1),
(11,	3.0,	'Computer Sciences',	302,	2),
(12,	2.5,	'Computer Sciences',	302,	2),
(13,	2.5,	'Computer Sciences',	302,	2),
(14,	2.5,	'Mathematics',	462,	1),
(15,	3.0,	'Chemical Engineering',	310,	1),
(16,	3.0,	'Computer Sciences',	467,	1),
(16,	3.0,	'Computer Sciences',	701,	1),
(17,	3.0,	'Mathematics',	461,	1),
(18,	2.0,	'Civil Engineering',	375,	1),
(18,	3.5,	'Mathematics',	461,	1),
(19,	3.5,	'Mathematics',	461,	1),
(20,	2.5,	'Computer Sciences',	302,	1),
(21,	3.0,	'Computer Sciences',	467,	1),
(21,	3.5,	'Industrial Engineering',	514	,1),
(22,	3.0,	'Computer Sciences',	302,	1),
(22,	3.0,	'Computer Sciences',	467,	1),
(23,	4.0,	'Civil Engineering',	561,	1),
(24,	4.0,	'Computer Sciences',	302,	2),
(25,	3.5,	'Computer Sciences',	302,	1),
(26,	3.5,	'Mathematics',	462,	1),
(27,	2.5,	'Industrial Engineering',	514,	1),
(28,	3.0,	'Mathematics',	461,	1),
(29,	3.0,	'Civil Engineering',	365,	1),
(29,	3.0,	'Civil Engineering',	375,	1),
(29,	3.0,	'Civil Engineering',	561,	1),
(30,	4.0,	'Computer Sciences',	467,	1),
(31,	3.5,	'Computer Sciences',	302,	1),
(32,	2.0,	'Civil Engineering',	561,	1),
(33,	2.0,	'Civil Engineering',	365,	1),
(33,	3.0,	'Computer Sciences',	726,	1),
(34,	1.0,	'Civil Engineering',	561,	1),
(35,	3.0,	'Mathematics',	461,	1),
(36,	3.0,	'Civil Engineering',	375,	1),
(37,	3.0,	'Mathematics',	462,	1),
(38,	3.0,	'Computer Sciences',	302,	2),
(39,	3.0,	'Computer Sciences',	302,	1),
(40,	3.5,	'Mathematics',	462,	1),
(41,	3.0,	'Computer Sciences',	701,	1),
(42,	3.5,	'Computer Sciences',	701,	1),
(43,	2.5,	'Computer Sciences',	467,	1),
(44,	4.0,	'Computer Sciences',	726,	1),
(45,	3.0,	'Chemical Engineering',	310,	1),
(46,	4.0,	'Computer Sciences',	726,	1),
(47,	0.0,	'Civil Engineering',	561,	1),
(47,	1.0,	'Civil Engineering',	365,	1),
(48,	1.5,	'Civil Engineering',	561,	1),
(49,	3.5,	'Chemical Engineering',	310,	1),
(49,	3.5,	'Industrial Engineering',	514,	1),
(50,	4.0,	'Industrial Engineering',	514,	1),
(51,	3.0,	'Computer Sciences',	726,	1),
(52,	1.0,	'Computer Sciences',	302,	1),
(52,	4.0,	'Computer Sciences',	467,	1),
(53,	4.0,	'Mathematics',	462,	1),
(54,	3.0,	'Civil Engineering',	375,	1),
(55,	2.5,	'Mathematics',	461,	1),
(56,	2.5,	'Chemical Engineering',	310,	1),
(57,	3.5,	'Computer Sciences',	467,	1),
(58,	2.0,	'Industrial Engineering',	514,	1),
(59,	3.5,	'Mathematics',	462,	1),
(60,	2.5,	'Civil Engineering',	561,	1),
(61,	2.0,	'Computer Sciences',	726,	1),
(61,	3.5,	'Civil Engineering',	561,	1),
(62,	2.5, 'Computer Sciences',	726,	1),
(63,	2.5, 'Computer Sciences',	701,	1),
(64,	3.5, 'Computer Sciences',	726,	1),
(64,	4.0, 'Civil Engineering',	561,	1),
(66,	1.5, 'Civil Engineering',	365,	1),
(66,	4.0, 'Civil Engineering',	375,	1),
(67,	3.5,	'Computer Sciences',	467,	1),
(67,	4.0,	'Computer Sciences',	701,	1),
(68,	3.5,	'Computer Sciences',	726,	1),
(69,	2.0,	'Computer Sciences',	467,	1),
(69,	3.5,	'Computer Sciences',	302,	2),
(70,	3.5,	'Civil Engineering',	561,	1),
(71,	2.5,	'Computer Sciences',	701,	1),
(72,	3.5,	'Computer Sciences',	726,	1),
(73,	3.0,	'Civil Engineering',	375,	1),
(74,	2.5,	'Civil Engineering',	365,	1),
(75,	3.0,	'Computer Sciences',	726,	1),
(76,	3.5,	'Civil Engineering',	365,	1),
(77,	2.0,	'Computer Sciences',	701,	1),
(78,	3.0,	'Industrial Engineering',	514,	1),
(79,	4.0,	'Civil Engineering',	365,	1),
(80,	4.0,	'Computer Sciences',	726,	1),
(81,	2.5,	'Civil Engineering',	561,	1),
(82,	3.5,	'Computer Sciences',	726, 1),
(83,	3.0,	'Computer Sciences',	726, 1),
(84,	3.0,	'Computer Sciences',	726, 1),
(85,	3.5,	'Civil Engineering',	375,	1),
(86,	2.5,	'Computer Sciences',	467,	1),
(86,	3.0,	'Computer Sciences',	701,	1),
(87,	4.0,	'Computer Sciences',	701,	1),
(88,	2.0,	'Chemical Engineering',	310,	1),
(89,	3.5,	'Computer Sciences',	701,	1),
(90,	3.5,	'Computer Sciences',	726,	1),
(90,	3.5,	'Mathematics',	462,	1),
(91,	4.0,	'Mathematics',	462,	1),
(92,	4.0,	'Computer Sciences',	726,	1),
(93,	4.0,	'Chemical Engineering',	310,	1),
(94,	2.0,	'Mathematics',	461,	1),
(96,	3.0,	'Civil Engineering',	561,	1),
(96,	4.0,	'Civil Engineering',	365,	1),
(97,	3.0,	'Industrial Engineering',	514,	1),
(98,	4.0,	'Industrial Engineering',	514,	1),
(99,	3.5,	'Computer Sciences',	701,	1),
(100,	2.0,	'Computer Sciences',	726,	1),
(101,	4.0,	'Mathematics',	462,	1),
(102,	3.5,	'Mathematics',	461,	1),
(103,	4.0, 'Computer Sciences',	701,	1),
(104,	2.5999999046325684,	'Sanitary Engineering',	561,	1),
(104,	2.7999999523162842,	'Computer Sciences',	302,	2);


SELECT * FROM enroll;






















